"Designator","Footprint","Mid X","Mid Y","Ref X","Ref Y","Pad X","Pad Y","Layer","Rotation","Comment"
""
"R35","SMD_0603_RESC1608X55N","24mm","48.4mm","24mm","48.4mm","23.2mm","48.4mm","T","360.00","47"
"R34","SMD_0603_RESC1608X55N","23.2mm","50.8mm","23.2mm","50.8mm","23.2mm","50mm","T","90.00","47"
"R33","SMD_0603_RESC1608X55N","23.9566mm","53.6mm","23.9566mm","53.6mm","24.7567mm","53.6mm","T","180.00","0"
"R31","SMD_0603_RESC1608X55N","34.1mm","51.9mm","34.1mm","51.9mm","34.9mm","51.9mm","T","180.00","0"
"R21","SMD_1206_RESC3216X180N","4.1mm","81.2mm","4.1mm","81.2mm","4.1mm","79.7mm","T","90.00","100"
"R18","SMD_0603_RESC1608X55N","19.8915mm","67.25mm","19.8915mm","67.25mm","19.8915mm","68.05mm","T","270.00","10k"
"R16","SMD_0603_RESC1608X55N","34.55mm","71.85mm","34.55mm","71.85mm","33.75mm","71.85mm","T","360.00","10k"
"C1","SMD_1210_CAPC3225X279N","1mm","-24.75mm","1mm","-24.75mm","1mm","-26.25mm","T","90.00","220uF"
"C25_4","SMD_0805_CAPC2012X145N","-21.9287mm","26.1481mm","-21.9287mm","26.1481mm","-21.0287mm","26.1481mm","T","180.00","22uF/6.3V"
"C24_4","SMD_0805_CAPC2012X145N","-21.9288mm","24.1484mm","-21.9288mm","24.1484mm","-21.0287mm","24.1484mm","T","180.00","22uF/6.3V"
"C9-1S","SMD_0603_CAPC1608X80N","21.7mm","25.75mm","21.7mm","25.75mm","22.5mm","25.75mm","T","180.00","470nF"
"C8-1S","SMD_0603_CAPC1608X80N","21.7mm","29.25mm","21.7mm","29.25mm","22.5mm","29.25mm","T","180.00","470nF"
"C7-1S","SMD_0603_CAPC1608X80N","21.7mm","30.75mm","21.7mm","30.75mm","22.5mm","30.75mm","T","180.00","470nF"
"C6-1S","SMD_0603_CAPC1608X80N","21.7mm","34.25mm","21.7mm","34.25mm","22.5mm","34.25mm","T","180.00","470nF"
"C5-1S","SMD_0603_CAPC1608X80N","21.7mm","35.75mm","21.7mm","35.75mm","22.5mm","35.75mm","T","180.00","470nF"
"C10-1S","SMD_0603_CAPC1608X80N","21.7mm","24.25mm","21.7mm","24.25mm","22.5mm","24.25mm","T","180.00","470nF"
"C44","SMD_0603_CAPC1608X80N","42.5mm","61mm","42.5mm","61mm","42.5mm","60.2mm","T","90.00","1nF"
"C43","SMD_0603_CAPC1608X80N","44mm","61mm","44mm","61mm","44mm","60.2mm","T","90.00","1nF"
"R14","SMD_0603_RESC1608X55N","42.5mm","57.75mm","42.5mm","57.75mm","42.5mm","58.55mm","T","270.00","10k"
"R11","SMD_0603_RESC1608X55N","44mm","57.75mm","44mm","57.75mm","44mm","58.55mm","T","270.00","10k"
"C23_0","SMD_1210_CAPC3225X279N","1.0001mm","55.9998mm","1.0001mm","55.9998mm","1.0001mm","57.4998mm","T","270.00","220uF"
"C22_0","SMD_1210_CAPC3225X279N","16.5999mm","50.9mm","16.5999mm","50.9mm","15.0999mm","50.9mm","T","360.00","220uF"
"C27_0","SMD_1210_CAPC3225X279N","1mm","46.4999mm","1mm","46.4999mm","1mm","47.9999mm","T","270.00","220uF"
"C28_0","SMD_1210_CAPC3225X279N","5mm","46.4999mm","5mm","46.4999mm","5mm","47.9999mm","T","270.00","220uF"
"C24_0","SMD_1210_CAPC3225X279N","5mm","55.9998mm","5mm","55.9998mm","5mm","57.4998mm","T","270.00","220uF"
"C21_0","SMD_1210_CAPC3225X279N","0.9752mm","67mm","0.9752mm","67mm","0.9752mm","65.5mm","T","90.00","220uF"
"C26_0","SMD_1210_CAPC3225X279N","5mm","51.2001mm","5mm","51.2001mm","5mm","49.7001mm","T","90.00","220uF"
"C25_0","SMD_1210_CAPC3225X279N","0.9999mm","51.2001mm","0.9999mm","51.2001mm","0.9999mm","49.7001mm","T","90.00","220uF"
"R10","SMD_0603_RESC1608X55N","20.5mm","61.5mm","20.5mm","61.5mm","21.3mm","61.5mm","T","180.00","10k"
"R8","SMD_0603_RESC1608X55N","20.5mm","60mm","20.5mm","60mm","21.3mm","60mm","T","180.00","10k"
"R7","SMD_0603_RESC1608X55N","20.5mm","58.5mm","20.5mm","58.5mm","21.3mm","58.5mm","T","180.00","10k"
"D16","SMD_SOT95P280X145-6N-W","33.0001mm","75.0098mm","33.0001mm","75.0098mm","31.7001mm","75.9598mm","T","360.00","SMS05T1G"
"R2","SMD_0603_RESC1608X55N","35.8673mm","74.25mm","35.8673mm","74.25mm","35.8673mm","73.45mm","T","90.00","0"
"D14","SMD_DO214AC_SMC","-33.25mm","81mm","-33.25mm","81mm","-33.25mm","84.4mm","T","270.00","SMCJ12A"
"D13","SMD_DO214AC_SMA","1.2mm","82.4mm","1.2mm","82.4mm","1.2mm","80.4mm","T","90.00","SS14"
"J5","PTH_CON_PCI-E","-24.2mm","80.35mm","-28.4mm","77.6mm","-28.4mm","77.6mm","T","0.00","WURTH 649 006 295 22"
"J4","PTH_CON_PCI-E","-7.4mm","80.35mm","-11.6mm","77.6mm","-11.6mm","77.6mm","T","0.00","WURTH 649 006 295 22"
"U1_4","SMD_SOP65P490X110-9N_-_DUAL","-26.2498mm","26.25mm","-26.2498mm","26.25mm","-26.9248mm","24.85mm","T","90.00","LTC 4449"
"U1_3","SMD_SOP65P490X110-9N_-_DUAL","-26.2498mm","6.25mm","-26.2498mm","6.25mm","-26.9248mm","4.85mm","T","90.00","LTC 4449"
"U1_2","SMD_SOP65P490X110-9N_-_DUAL","-26.2498mm","-13.75mm","-26.2498mm","-13.75mm","-26.9248mm","-15.15mm","T","90.00","LTC 4449"
"Q3_4","SMD_SON127P615X520X100-8N","-23.97mm","19.225mm","-23.97mm","19.225mm","-22.065mm","21.975mm","T","270.00","AP1RA03GMT-3"
"Q3_3","SMD_SON127P615X520X100-8N","-17.75mm","-0.75mm","-17.75mm","-0.75mm","-15.845mm","2mm","T","270.00","AP1RA03GMT-3"
"Q3_2","SMD_SON127P615X520X100-8N","-17.75mm","-20.75mm","-17.75mm","-20.75mm","-15.845mm","-18mm","T","270.00","AP1RA03GMT-3"
"Q2_4","SMD_SON127P615X520X100-8N","-17.75mm","19.25mm","-17.75mm","19.25mm","-15.845mm","22mm","T","270.00","AP1RA03GMT-3"
"Q2_3","SMD_SON127P615X520X100-8N","-23.995mm","-0.775mm","-23.995mm","-0.775mm","-22.09mm","1.975mm","T","270.00","AP1RA03GMT-3"
"Q2_2","SMD_SON127P615X520X100-8N","-23.995mm","-20.7mm","-23.995mm","-20.7mm","-22.09mm","-17.95mm","T","270.00","AP1RA03GMT-3"
"Q1_4","SMD_SON127P615X520X100-8N","-30.7498mm","19mm","-30.7498mm","19mm","-27.9998mm","17.095mm","T","180.00","AP1RA03GMT-3"
"Q1_3","SMD_SON127P615X520X100-8N","-30.7498mm","-1mm","-30.7498mm","-1mm","-27.9998mm","-2.905mm","T","180.00","AP1RA03GMT-3"
"Q1_2","SMD_SON127P615X520X100-8N","-30.7498mm","-21mm","-30.7498mm","-21mm","-27.9998mm","-22.905mm","T","180.00","AP1RA03GMT-3"
"L1_4","SMD_INDM12501250X800A_-_Coilcraft_SLC1480","-7.9749mm","22.9999mm","-7.9749mm","22.9999mm","-7.9749mm","18.0249mm","T","90.00","SLC1480-201MLD"
"L1_3","SMD_INDM12501250X800A_-_Coilcraft_SLC1480","-7.9749mm","2.9999mm","-7.9749mm","2.9999mm","-7.9749mm","-1.9751mm","T","90.00","SLC1480-201MLD"
"L1_2","SMD_INDM12501250X800A_-_Coilcraft_SLC1480","-7.9749mm","-17.0001mm","-7.9749mm","-17.0001mm","-7.9749mm","-21.9751mm","T","90.00","SLC1480-201MLD"
"D1_4","SMD_SOT23_SOT95P240X120-3N","-28.3498mm","31.25mm","-28.3498mm","31.25mm","-27.1998mm","30.3mm","T","180.00","BAT54C"
"D1_3","SMD_SOT23_SOT95P240X120-3N","-28.3498mm","11.25mm","-28.3498mm","11.25mm","-27.1998mm","10.3mm","T","180.00","BAT54C"
"D1_2","SMD_SOT23_SOT95P240X120-3N","-28.3823mm","-8.7001mm","-28.3823mm","-8.7001mm","-27.2323mm","-9.6501mm","T","180.00","BAT54C"
"C46_4","SMD_0805_CAPC2012X145N","-42.25mm","31.6mm","-42.25mm","31.6mm","-41.35mm","31.6mm","T","180.00","10uF/16V"
"C46_3","SMD_0805_CAPC2012X145N","-37.5mm","6.5mm","-37.5mm","6.5mm","-36.6mm","6.5mm","T","180.00","10uF/16V"
"C46_2","SMD_0805_CAPC2012X145N","-37.5mm","-10.487mm","-37.5mm","-10.487mm","-36.6mm","-10.487mm","T","180.00","10uF/16V"
"C45_4","SMD_0805_CAPC2012X145N","-42.2499mm","29.5972mm","-42.2499mm","29.5972mm","-41.3499mm","29.5972mm","T","180.00","10uF/16V"
"C45_3","SMD_0805_CAPC2012X145N","-37.5mm","4.5mm","-37.5mm","4.5mm","-36.6mm","4.5mm","T","180.00","10uF/16V"
"C45_2","SMD_0805_CAPC2012X145N","-37.5mm","-12.487mm","-37.5mm","-12.487mm","-36.6mm","-12.487mm","T","180.00","10uF/16V"
"C44_4","SMD_0805_CAPC2012X145N","-32.6997mm","22.9972mm","-32.6997mm","22.9972mm","-33.5997mm","22.9972mm","T","360.00","10uF/16V"
"C44_3","SMD_0805_CAPC2012X145N","-42.5mm","8.75mm","-42.5mm","8.75mm","-41.6mm","8.75mm","T","180.00","10uF/16V"
"C44_2","SMD_0805_CAPC2012X145N","-42.5mm","-5mm","-42.5mm","-5mm","-41.6mm","-5mm","T","180.00","10uF/16V"
"C43_4","SMD_0805_CAPC2012X145N","-32.6998mm","25mm","-32.6998mm","25mm","-33.5998mm","25mm","T","360.00","10uF/16V"
"C43_3","SMD_0805_CAPC2012X145N","-42.5mm","6.75mm","-42.5mm","6.75mm","-41.6mm","6.75mm","T","180.00","10uF/16V"
"C43_2","SMD_0805_CAPC2012X145N","-42.5mm","-7mm","-42.5mm","-7mm","-41.6mm","-7mm","T","180.00","10uF/16V"
"C42_4","SMD_0805_CAPC2012X145N","-32.6997mm","26.9973mm","-32.6997mm","26.9973mm","-33.5997mm","26.9973mm","T","360.00","10uF/16V"
"C42_3","SMD_0805_CAPC2012X145N","-37.5mm","2.5mm","-37.5mm","2.5mm","-36.6mm","2.5mm","T","180.00","10uF/16V"
"C42_2","SMD_0805_CAPC2012X145N","-37.5mm","-14.5mm","-37.5mm","-14.5mm","-36.6mm","-14.5mm","T","180.00","10uF/16V"
"C41_4","SMD_0805_CAPC2012X145N","-32.6998mm","29mm","-32.6998mm","29mm","-33.5998mm","29mm","T","360.00","10uF/16V"
"C41_3","SMD_0805_CAPC2012X145N","-37.5mm","0.5mm","-37.5mm","0.5mm","-36.6mm","0.5mm","T","180.00","10uF/16V"
"C41_2","SMD_0805_CAPC2012X145N","-37.5mm","-16.5mm","-37.5mm","-16.5mm","-36.6mm","-16.5mm","T","180.00","10uF/16V"
"C40_4","SMD_0805_CAPC2012X145N","-32.6999mm","31.0028mm","-32.6999mm","31.0028mm","-33.5999mm","31.0028mm","T","360.00","10uF/16V"
"C40_3","SMD_0805_CAPC2012X145N","-42.5mm","4.75mm","-42.5mm","4.75mm","-41.6mm","4.75mm","T","180.00","10uF/16V"
"C40_2","SMD_0805_CAPC2012X145N","-32.6998mm","-13mm","-32.6998mm","-13mm","-33.5998mm","-13mm","T","360.00","10uF/16V"
"C39_4","SMD_0805_CAPC2012X145N","-32.6998mm","33.0001mm","-32.6998mm","33.0001mm","-33.5998mm","33.0001mm","T","360.00","10uF/16V"
"C39_3","SMD_0805_CAPC2012X145N","-42.5mm","2.75mm","-42.5mm","2.75mm","-41.6mm","2.75mm","T","180.00","10uF/16V"
"C39_2","SMD_0805_CAPC2012X145N","-32.6998mm","-11mm","-32.6998mm","-11mm","-33.5998mm","-11mm","T","360.00","10uF/16V"
"C38_4","SMD_0805_CAPC2012X145N","-43.4mm","26.15mm","-43.4mm","26.15mm","-43.4mm","27.05mm","T","270.00","10uF/16V"
"C38_3","SMD_0805_CAPC2012X145N","-32.6998mm","11.0001mm","-32.6998mm","11.0001mm","-33.5998mm","11.0001mm","T","360.00","10uF/16V"
"C38_2","SMD_0805_CAPC2012X145N","-32.75mm","-9mm","-32.75mm","-9mm","-33.65mm","-9mm","T","360.00","10uF/16V"
"C37_4","SMD_0805_CAPC2012X145N","-41.4mm","26.15mm","-41.4mm","26.15mm","-41.4mm","27.05mm","T","270.00","10uF/16V"
"C37_3","SMD_0805_CAPC2012X145N","-32.6998mm","13.0001mm","-32.6998mm","13.0001mm","-33.5998mm","13.0001mm","T","360.00","10uF/16V"
"C37_2","SMD_0805_CAPC2012X145N","-32.75mm","-7mm","-32.75mm","-7mm","-33.65mm","-7mm","T","360.00","10uF/16V"
"C36_4","SMD_0805_CAPC2012X145N","-37.5mm","29.75mm","-37.5mm","29.75mm","-36.6mm","29.75mm","T","180.00","10uF/16V"
"C36_3","SMD_0805_CAPC2012X145N","-42.5mm","-1.25mm","-42.5mm","-1.25mm","-41.6mm","-1.25mm","T","180.00","10uF/16V"
"C36_2","SMD_0805_CAPC2012X145N","-43.5mm","-14.25mm","-43.5mm","-14.25mm","-43.5mm","-13.35mm","T","270.00","10uF/16V"
"C35_4","SMD_0805_CAPC2012X145N","-37.5mm","27.75mm","-37.5mm","27.75mm","-36.6mm","27.75mm","T","180.00","10uF/16V"
"C35_3","SMD_0805_CAPC2012X145N","-42.5mm","0.75mm","-42.5mm","0.75mm","-41.6mm","0.75mm","T","180.00","10uF/16V"
"C35_2","SMD_0805_CAPC2012X145N","-41.5mm","-14.25mm","-41.5mm","-14.25mm","-41.5mm","-13.35mm","T","270.00","10uF/16V"
"C34_4","SMD_0805_CAPC2012X145N","-37.5mm","25.75mm","-37.5mm","25.75mm","-36.6mm","25.75mm","T","180.00","10uF/16V"
"C34_3","SMD_0805_CAPC2012X145N","-32.6998mm","3mm","-32.6998mm","3mm","-33.5998mm","3mm","T","360.00","10uF/16V"
"C34_2","SMD_0805_CAPC2012X145N","-42.5mm","-9mm","-42.5mm","-9mm","-41.6mm","-9mm","T","180.00","10uF/16V"
"C33_4","SMD_0805_CAPC2012X145N","-37.5mm","23.75mm","-37.5mm","23.75mm","-36.6mm","23.75mm","T","180.00","10uF/16V"
"C33_3","SMD_0805_CAPC2012X145N","-32.6998mm","5mm","-32.6998mm","5mm","-33.5998mm","5mm","T","360.00","10uF/16V"
"C33_2","SMD_0805_CAPC2012X145N","-42.5mm","-11mm","-42.5mm","-11mm","-41.6mm","-11mm","T","180.00","10uF/16V"
"C32_4","SMD_0805_CAPC2012X145N","-41.8154mm","35.2999mm","-41.8154mm","35.2999mm","-41.8154mm","34.3999mm","T","90.00","10uF/16V"
"C32_3","SMD_0805_CAPC2012X145N","-32.6998mm","7mm","-32.6998mm","7mm","-33.5998mm","7mm","T","360.00","10uF/16V"
"C32_2","SMD_0805_CAPC2012X145N","-32.6998mm","-17mm","-32.6998mm","-17mm","-33.5998mm","-17mm","T","360.00","10uF/16V"
"C31_4","SMD_0805_CAPC2012X145N","-43.8154mm","35.2999mm","-43.8154mm","35.2999mm","-43.8154mm","34.3999mm","T","90.00","10uF/16V"
"C31_3","SMD_0805_CAPC2012X145N","-32.6998mm","9mm","-32.6998mm","9mm","-33.5998mm","9mm","T","360.00","10uF/16V"
"C31_2","SMD_0805_CAPC2012X145N","-32.6998mm","-15mm","-32.6998mm","-15mm","-33.5998mm","-15mm","T","360.00","10uF/16V"
"C26_4","SMD_0805_CAPC2012X145N","-15.9749mm","25.5499mm","-15.9749mm","25.5499mm","-15.9749mm","26.4499mm","T","270.00","22uF/6.3V"
"C26_3","SMD_0805_CAPC2012X145N","-21.9285mm","6.0998mm","-21.9285mm","6.0998mm","-21.0285mm","6.0998mm","T","180.00","22uF/6.3V"
"C26_2","SMD_0805_CAPC2012X145N","-21.9284mm","-9.9001mm","-21.9284mm","-9.9001mm","-21.0284mm","-9.9001mm","T","180.00","22uF/6.3V"
"C25_3","SMD_0805_CAPC2012X145N","-17.9736mm","5.4979mm","-17.9736mm","5.4979mm","-17.9736mm","6.3979mm","T","270.00","22uF/6.3V"
"C24_3","SMD_0805_CAPC2012X145N","-15.9736mm","5.4979mm","-15.9736mm","5.4979mm","-15.9736mm","6.3979mm","T","270.00","22uF/6.3V"
"C23_4","SMD_0805_CAPC2012X145N","-21.9285mm","34.0998mm","-21.9285mm","34.0998mm","-21.0285mm","34.0998mm","T","180.00","22uF/6.3V"
"C23_3","SMD_0805_CAPC2012X145N","-21.9288mm","14.25mm","-21.9288mm","14.25mm","-21.0287mm","14.25mm","T","180.00","22uF/6.3V"
"C23_2","SMD_0805_CAPC2012X145N","-17.9749mm","-14.5001mm","-17.9749mm","-14.5001mm","-17.9749mm","-13.6001mm","T","270.00","22uF/6.3V"
"C22_4","SMD_0805_CAPC2012X145N","-17.9749mm","25.5499mm","-17.9749mm","25.5499mm","-17.9749mm","26.4499mm","T","270.00","22uF/6.3V"
"C22_3","SMD_0805_CAPC2012X145N","-21.9285mm","4.0755mm","-21.9285mm","4.0755mm","-21.0285mm","4.0755mm","T","180.00","22uF/6.3V"
"C22_2","SMD_0805_CAPC2012X145N","-21.9284mm","-11.9001mm","-21.9284mm","-11.9001mm","-21.0284mm","-11.9001mm","T","180.00","22uF/6.3V"
"C21_4","SMD_0805_CAPC2012X145N","-21.9285mm","32.0998mm","-21.9285mm","32.0998mm","-21.0285mm","32.0998mm","T","180.00","22uF/6.3V"
"C21_3","SMD_0805_CAPC2012X145N","-21.9286mm","12.25mm","-21.9286mm","12.25mm","-21.0286mm","12.25mm","T","180.00","22uF/6.3V"
"C21_2","SMD_0805_CAPC2012X145N","-15.9736mm","-14.5mm","-15.9736mm","-14.5mm","-15.9736mm","-13.6mm","T","270.00","22uF/6.3V"
"C20_4","SMD_0805_CAPC2012X145N","-21.9285mm","30.1498mm","-21.9285mm","30.1498mm","-21.0285mm","30.1498mm","T","180.00","22uF/6.3V"
"C20_3","SMD_0805_CAPC2012X145N","-21.9285mm","10.0998mm","-21.9285mm","10.0998mm","-21.0285mm","10.0998mm","T","180.00","22uF/6.3V"
"C20_2","SMD_0805_CAPC2012X145N","-21.9285mm","-5.9002mm","-21.9285mm","-5.9002mm","-21.0285mm","-5.9002mm","T","180.00","22uF/6.3V"
"C19_4","SMD_0805_CAPC2012X145N","-21.9285mm","28.1498mm","-21.9285mm","28.1498mm","-21.0285mm","28.1498mm","T","180.00","22uF/6.3V"
"C19_3","SMD_0805_CAPC2012X145N","-21.9286mm","8.1012mm","-21.9286mm","8.1012mm","-21.0286mm","8.1012mm","T","180.00","22uF/6.3V"
"C19_2","SMD_0805_CAPC2012X145N","-21.9286mm","-7.899mm","-21.9286mm","-7.899mm","-21.0286mm","-7.899mm","T","180.00","22uF/6.3V"
"C18_4","SMD_0805_CAPC2012X145N","-1.9989mm","32.9999mm","-1.9989mm","32.9999mm","-1.9989mm","32.0999mm","T","90.00","22uF/6.3V"
"C18_3","SMD_0805_CAPC2012X145N","-1.999mm","13.0001mm","-1.999mm","13.0001mm","-1.999mm","12.1001mm","T","90.00","22uF/6.3V"
"C18_2","SMD_0805_CAPC2012X145N","-2.0242mm","-6.9999mm","-2.0242mm","-6.9999mm","-2.0242mm","-7.8999mm","T","90.00","22uF/6.3V"
"C17_4","SMD_0805_CAPC2012X145N","-4mm","32.9998mm","-4mm","32.9998mm","-4mm","32.0998mm","T","90.00","22uF/6.3V"
"C17_3","SMD_0805_CAPC2012X145N","-4mm","13mm","-4mm","13mm","-4mm","12.1mm","T","90.00","22uF/6.3V"
"C17_2","SMD_0805_CAPC2012X145N","-4.025mm","-7mm","-4.025mm","-7mm","-4.025mm","-7.9mm","T","90.00","22uF/6.3V"
"C16_4","SMD_0805_CAPC2012X145N","-6mm","32.9999mm","-6mm","32.9999mm","-6mm","32.0999mm","T","90.00","22uF/6.3V"
"C16_3","SMD_0805_CAPC2012X145N","-10mm","13mm","-10mm","13mm","-10mm","12.1mm","T","90.00","22uF/6.3V"
"C16_2","SMD_0805_CAPC2012X145N","-6.2492mm","-6.9999mm","-6.2492mm","-6.9999mm","-6.2492mm","-7.8999mm","T","90.00","22uF/6.3V"
"C15_4","SMD_0805_CAPC2012X145N","-8mm","32.9999mm","-8mm","32.9999mm","-8mm","32.0999mm","T","90.00","22uF/6.3V"
"C15_3","SMD_0805_CAPC2012X145N","-12.0009mm","12.9999mm","-12.0009mm","12.9999mm","-12.0009mm","12.0999mm","T","90.00","22uF/6.3V"
"C15_2","SMD_0805_CAPC2012X145N","-8.25mm","-7mm","-8.25mm","-7mm","-8.25mm","-7.9mm","T","90.00","22uF/6.3V"
"C14_4","SMD_0805_CAPC2012X145N","-10mm","32.9999mm","-10mm","32.9999mm","-10mm","32.0999mm","T","90.00","22uF/6.3V"
"C14_3","SMD_0805_CAPC2012X145N","-5.9991mm","13.0001mm","-5.9991mm","13.0001mm","-5.9991mm","12.1001mm","T","90.00","22uF/6.3V"
"C14_2","SMD_0805_CAPC2012X145N","-10.25mm","-7mm","-10.25mm","-7mm","-10.25mm","-7.9mm","T","90.00","22uF/6.3V"
"C13_4","SMD_0805_CAPC2012X145N","-12mm","32.9999mm","-12mm","32.9999mm","-12mm","32.0999mm","T","90.00","22uF/6.3V"
"C13_3","SMD_0805_CAPC2012X145N","-8mm","13mm","-8mm","13mm","-8mm","12.1mm","T","90.00","22uF/6.3V"
"C13_2","SMD_0805_CAPC2012X145N","-12.2507mm","-7.0001mm","-12.2507mm","-7.0001mm","-12.2507mm","-7.9001mm","T","90.00","22uF/6.3V"
"C12_4","SMD_0805_CAPC2012X145N","-14.0251mm","32.9749mm","-14.0251mm","32.9749mm","-14.0251mm","32.0749mm","T","90.00","22uF/6.3V"
"C12_3","SMD_0805_CAPC2012X145N","-14mm","12.9999mm","-14mm","12.9999mm","-14mm","12.0999mm","T","90.00","22uF/6.3V"
"C12_2","SMD_0805_CAPC2012X145N","-14.25mm","-6.9999mm","-14.25mm","-6.9999mm","-14.25mm","-7.8999mm","T","90.00","22uF/6.3V"
"C11_4","SMD_0805_CAPC2012X145N","-16.0261mm","32.9748mm","-16.0261mm","32.9748mm","-16.0261mm","32.0748mm","T","90.00","22uF/6.3V"
"C11_3","SMD_0805_CAPC2012X145N","-15.9999mm","13.0001mm","-15.9999mm","13.0001mm","-15.9999mm","12.1001mm","T","90.00","22uF/6.3V"
"C11_2","SMD_0805_CAPC2012X145N","-16.2507mm","-7mm","-16.2507mm","-7mm","-16.2507mm","-7.9mm","T","90.00","22uF/6.3V"
"C3_4","SMD_0805_CAPC2012X145N","-29.2498mm","26mm","-29.2498mm","26mm","-29.2498mm","26.9mm","T","270.00","100nF/50V"
"C3_3","SMD_0805_CAPC2012X145N","-29.2498mm","6mm","-29.2498mm","6mm","-29.2498mm","6.9mm","T","270.00","100nF/50V"
"C3_2","SMD_0805_CAPC2012X145N","-29.2498mm","-14mm","-29.2498mm","-14mm","-29.2498mm","-13.1mm","T","270.00","100nF/50V"
"C2_4","SMD_0805_CAPC2012X145N","-25.3622mm","33mm","-25.3622mm","33mm","-25.3622mm","32.1mm","T","90.00","1uF/16V"
"C2_3","SMD_0805_CAPC2012X145N","-25.3622mm","13mm","-25.3622mm","13mm","-25.3622mm","12.1mm","T","90.00","1uF/16V"
"C2_2","SMD_0805_CAPC2012X145N","-25.3622mm","-7mm","-25.3622mm","-7mm","-25.3622mm","-7.9mm","T","90.00","1uF/16V"
"C1_4","SMD_0805_CAPC2012X145N","-28.2498mm","34mm","-28.2498mm","34mm","-29.1498mm","34mm","T","360.00","10uF/16V"
"C1_3","SMD_0805_CAPC2012X145N","-28.2498mm","14mm","-28.2498mm","14mm","-29.1498mm","14mm","T","360.00","10uF/16V"
"C1_2","SMD_0805_CAPC2012X145N","-28.2498mm","-6mm","-28.2498mm","-6mm","-29.1498mm","-6mm","T","360.00","10uF/16V"
"R43","SMD_0603_RESC1608X55N","38mm","57.75mm","38mm","57.75mm","38mm","58.55mm","T","270.00","10k"
"L1_5","SMD_INDM12501250X800A_-_Coilcraft_SLC1480","-7.9749mm","43.0249mm","-7.9749mm","43.0249mm","-7.9749mm","38.0499mm","T","90.00","SLC1480-201MLD"
"C251","SMD_0603_CAPC1608X80N","38mm","61mm","38mm","61mm","38mm","60.2mm","T","90.00","1nF"
"R15","SMD_0603_RESC1608X55N","20.5mm","55.5mm","20.5mm","55.5mm","19.7mm","55.5mm","T","360.00","10k"
"C248","SMD_0805_CAPC2012X145N","43mm","68mm","43mm","68mm","42.1mm","68mm","T","360.00","22uF/6.3V"
"Q7","SMD_SOT23_SOT95P240X120-3N","27.55mm","49mm","27.55mm","49mm","26.4mm","49.95mm","T","360.00","BSS138"
"C387","SMD_1210_CAPC3225X279N","17.5mm","-2mm","17.5mm","-2mm","16mm","-2mm","T","360.00","220uF"
"C383","SMD_1210_CAPC3225X279N","22.5mm","-2mm","22.5mm","-2mm","24mm","-2mm","T","180.00","220uF"
"C379","SMD_1210_CAPC3225X279N","39.5mm","-10mm","39.5mm","-10mm","38mm","-10mm","T","360.00","220uF"
"C378","SMD_1210_CAPC3225X279N","1mm","3.8mm","1mm","3.8mm","1mm","2.3mm","T","90.00","220uF"
"C377","SMD_1210_CAPC3225X279N","1mm","32.25mm","1mm","32.25mm","1mm","30.75mm","T","90.00","220uF"
"C376","SMD_1210_CAPC3225X279N","1mm","13.25mm","1mm","13.25mm","1mm","11.75mm","T","90.00","220uF"
"C375","SMD_1210_CAPC3225X279N","22.5mm","2mm","22.5mm","2mm","24mm","2mm","T","180.00","220uF"
"C374","SMD_1210_CAPC3225X279N","1mm","18mm","1mm","18mm","1mm","19.5mm","T","270.00","220uF"
"C371","SMD_1210_CAPC3225X279N","17.5mm","2mm","17.5mm","2mm","16mm","2mm","T","360.00","220uF"
"C367","SMD_1210_CAPC3225X279N","0.9987mm","-15.25mm","0.9987mm","-15.25mm","0.9987mm","-16.75mm","T","90.00","220uF"
"C366","SMD_1210_CAPC3225X279N","0.9987mm","-20mm","0.9987mm","-20mm","0.9987mm","-18.5mm","T","270.00","220uF"
"C364","SMD_1210_CAPC3225X279N","1mm","-39mm","1mm","-39mm","1mm","-37.5mm","T","270.00","220uF"
"C360","SMD_1210_CAPC3225X279N","1mm","22.75mm","1mm","22.75mm","1mm","21.25mm","T","90.00","220uF"
"C359","SMD_1210_CAPC3225X279N","1mm","27.5mm","1mm","27.5mm","1mm","29mm","T","270.00","220uF"
"C358","SMD_1210_CAPC3225X279N","1mm","37mm","1mm","37mm","1mm","38.5mm","T","270.00","220uF"
"R61","SMD_0603_RESC1608X55N","40.9976mm","61mm","40.9976mm","61mm","40.9976mm","61.8mm","T","270.00","2.4k"
"R57","SMD_0603_RESC1608X55N","40.2476mm","58.5mm","40.2476mm","58.5mm","39.4476mm","58.5mm","T","360.00","10k"
"C325","SMD_0603_CAPC1608X80N","39.5mm","61mm","39.5mm","61mm","39.5mm","60.2mm","T","90.00","1nF"
"C48_6","SMD_0805_CAPC2012X145N","-16.25mm","73mm","-16.25mm","73mm","-16.25mm","72.1mm","T","90.00","22uF/6.3V"
"C81_2","SMD_0805_CAPC2012X145N","-21.925mm","-15.9mm","-21.925mm","-15.9mm","-21.025mm","-15.9mm","T","180.00","22uF/6.3V"
"C52_6","SMD_0805_CAPC2012X145N","-8.25mm","73mm","-8.25mm","73mm","-8.25mm","72.1mm","T","90.00","22uF/6.3V"
"C51_6","SMD_0805_CAPC2012X145N","-10.25mm","73mm","-10.25mm","73mm","-10.25mm","72.1mm","T","90.00","22uF/6.3V"
"C45_5","SMD_0805_CAPC2012X145N","-21.9285mm","54.0998mm","-21.9285mm","54.0998mm","-21.0285mm","54.0998mm","T","180.00","22uF/6.3V"
"C55_6","SMD_0805_CAPC2012X145N","-2.25mm","73mm","-2.25mm","73mm","-2.25mm","72.1mm","T","90.00","22uF/6.3V"
"C55_5","SMD_0805_CAPC2012X145N","-15.9749mm","45.4999mm","-15.9749mm","45.4999mm","-15.9749mm","46.3999mm","T","270.00","22uF/6.3V"
"U20","SMD_TO229P991X239-4AN_DPAK","4.5mm","73.135mm","5.4mm","73.135mm","1.25mm","75.425mm","T","360.00","L78M05CDT-TR"
"U1_5","SMD_SOP65P490X110-9N_-_DUAL","-26.2498mm","46.25mm","-26.2498mm","46.25mm","-26.9248mm","44.85mm","T","90.00","LTC 4449"
"D7","SMD_0805_LED2012X100N","28.25mm","73.9mm","28.25mm","73.9mm","27.2mm","73.9mm","T","360.00","Orange 	SML210DT ROHM"
"D6","SMD_0805_LED2012X100N","28.25mm","72mm","28.25mm","72mm","27.2mm","72mm","T","360.00","Yellow SML210YT ROHM"
"D4","SMD_0805_LED2012X100N","21.7915mm","70.335mm","21.7915mm","70.335mm","20.7415mm","70.335mm","T","360.00","Red SML210VT ROHM"
"D5","SMD_0805_LED2012X100N","18.155mm","68.3079mm","18.155mm","68.3079mm","18.155mm","67.2579mm","T","90.00","Green 	SML210MT ROHM"
"U1_6","SMD_SOP65P490X110-9N_-_DUAL","-26.2497mm","66.2499mm","-26.2497mm","66.2499mm","-26.9247mm","64.8499mm","T","90.00","LTC 4449"
"R60","SMD_1206_RESC3216X180N","18mm","72.5mm","18mm","72.5mm","18mm","71mm","T","90.00","0"
"R59","SMD_0603_RESC1608X55N","20.5mm","57mm","20.5mm","57mm","19.7mm","57mm","T","360.00","10k"
"Q3_6","SMD_SON127P615X520X100-8N","-17.75mm","59.25mm","-17.75mm","59.25mm","-15.845mm","62mm","T","270.00","AP1RA03GMT-3"
"Q2_6","SMD_SON127P615X520X100-8N","-23.9998mm","59.25mm","-23.9998mm","59.25mm","-22.0948mm","62mm","T","270.00","AP1RA03GMT-3"
"Q1_6","SMD_SON127P615X520X100-8N","-30.8823mm","59.0251mm","-30.8823mm","59.0251mm","-28.1323mm","57.1201mm","T","180.00","AP1RA03GMT-3"
"L1_6","SMD_INDM12501250X800A_-_Coilcraft_SLC1480","-7.9749mm","62.9999mm","-7.9749mm","62.9999mm","-7.9749mm","58.0249mm","T","90.00","SLC1480-201MLD"
"C3_6","SMD_0805_CAPC2012X145N","-29.3823mm","66.0251mm","-29.3823mm","66.0251mm","-29.3823mm","66.9251mm","T","270.00","100nF/50V"
"C2_6","SMD_0805_CAPC2012X145N","-25.3622mm","73mm","-25.3622mm","73mm","-25.3622mm","72.1mm","T","90.00","1uF/16V"
"C1_6","SMD_0805_CAPC2012X145N","-28.25mm","74.0998mm","-28.25mm","74.0998mm","-29.15mm","74.0998mm","T","360.00","10uF/16V"
"C46_5","SMD_0805_CAPC2012X145N","-16.25mm","53.025mm","-16.25mm","53.025mm","-16.25mm","52.125mm","T","90.00","22uF/6.3V"
"C47_5","SMD_0805_CAPC2012X145N","-14.25mm","53.025mm","-14.25mm","53.025mm","-14.25mm","52.125mm","T","90.00","22uF/6.3V"
"C49_5","SMD_0805_CAPC2012X145N","-10.25mm","53mm","-10.25mm","53mm","-10.25mm","52.1mm","T","90.00","22uF/6.3V"
"C51_5","SMD_0805_CAPC2012X145N","-6.25mm","53.025mm","-6.25mm","53.025mm","-6.25mm","52.125mm","T","90.00","22uF/6.3V"
"C82_2","SMD_0805_CAPC2012X145N","-21.925mm","-13.9mm","-21.925mm","-13.9mm","-21.025mm","-13.9mm","T","180.00","22uF/6.3V"
"C53_5","SMD_0805_CAPC2012X145N","-2.25mm","53.025mm","-2.25mm","53.025mm","-2.25mm","52.125mm","T","90.00","22uF/6.3V"
"C54_6","SMD_0805_CAPC2012X145N","-4.25mm","73mm","-4.25mm","73mm","-4.25mm","72.1mm","T","90.00","22uF/6.3V"
"C47_6","SMD_0805_CAPC2012X145N","-21.9285mm","74.0998mm","-21.9285mm","74.0998mm","-21.0285mm","74.0998mm","T","180.00","22uF/6.3V"
"C46_6","SMD_0805_CAPC2012X145N","-21.9284mm","72.0998mm","-21.9284mm","72.0998mm","-21.0284mm","72.0998mm","T","180.00","22uF/6.3V"
"C52_5","SMD_0805_CAPC2012X145N","-4.25mm","53.025mm","-4.25mm","53.025mm","-4.25mm","52.125mm","T","90.00","22uF/6.3V"
"C48_5","SMD_0805_CAPC2012X145N","-12.25mm","53.025mm","-12.25mm","53.025mm","-12.25mm","52.125mm","T","90.00","22uF/6.3V"
"C45_6","SMD_0805_CAPC2012X145N","-21.9285mm","70.0998mm","-21.9285mm","70.0998mm","-21.0285mm","70.0998mm","T","180.00","22uF/6.3V"
"C40_6","SMD_0805_CAPC2012X145N","-21.9285mm","64.0998mm","-21.9285mm","64.0998mm","-21.0285mm","64.0998mm","T","180.00","22uF/6.3V"
"C10-6","SMD_0805_CAPC2012X145N","-32.75mm","69mm","-32.75mm","69mm","-33.65mm","69mm","T","360.00","10uF/16V"
"C16-5","SMD_0805_CAPC2012X145N","-32.75mm","49mm","-32.75mm","49mm","-33.65mm","49mm","T","360.00","10uF/16V"
"C8-6","SMD_0805_CAPC2012X145N","-42.4mm","64.6mm","-42.4mm","64.6mm","-41.5mm","64.6mm","T","180.00","10uF/16V"
"C14-5","SMD_0805_CAPC2012X145N","-37.5mm","47.25mm","-37.5mm","47.25mm","-36.6mm","47.25mm","T","180.00","10uF/16V"
"C1-6","SMD_0805_CAPC2012X145N","-42.4mm","60.5544mm","-42.4mm","60.5544mm","-41.5mm","60.5544mm","T","180.00","10uF/16V"
"C12-5","SMD_0805_CAPC2012X145N","-37.5mm","45.25mm","-37.5mm","45.25mm","-36.6mm","45.25mm","T","180.00","10uF/16V"
"C4-6","SMD_0805_CAPC2012X145N","-37.6mm","67.8mm","-37.6mm","67.8mm","-36.7mm","67.8mm","T","180.00","10uF/16V"
"C3-6","SMD_0805_CAPC2012X145N","-32.75mm","65mm","-32.75mm","65mm","-33.65mm","65mm","T","360.00","10uF/16V"
"C9-6","SMD_0805_CAPC2012X145N","-37.6mm","61.8mm","-37.6mm","61.8mm","-36.7mm","61.8mm","T","180.00","10uF/16V"
"C11-6","SMD_0805_CAPC2012X145N","-37.6mm","63.8mm","-37.6mm","63.8mm","-36.7mm","63.8mm","T","180.00","10uF/16V"
"C2-6","SMD_0805_CAPC2012X145N","-42.4mm","58.5544mm","-42.4mm","58.5544mm","-41.5mm","58.5544mm","T","180.00","10uF/16V"
"C7-6","SMD_0805_CAPC2012X145N","-42.4mm","62.6mm","-42.4mm","62.6mm","-41.5mm","62.6mm","T","180.00","10uF/16V"
"C15-5","SMD_0805_CAPC2012X145N","-37.5mm","51.25mm","-37.5mm","51.25mm","-36.6mm","51.25mm","T","180.00","10uF/16V"
"C5-6","SMD_0805_CAPC2012X145N","-42.4154mm","66.725mm","-42.4154mm","66.725mm","-41.5154mm","66.725mm","T","180.00","10uF/16V"
"C13-5","SMD_0805_CAPC2012X145N","-32.75mm","45mm","-32.75mm","45mm","-33.65mm","45mm","T","360.00","10uF/16V"
"C6-6","SMD_0805_CAPC2012X145N","-32.75mm","67mm","-32.75mm","67mm","-33.65mm","67mm","T","360.00","10uF/16V"
"C1-5","SMD_0805_CAPC2012X145N","-42.3999mm","50.4499mm","-42.3999mm","50.4499mm","-41.4999mm","50.4499mm","T","180.00","10uF/16V"
"C12-6","SMD_0805_CAPC2012X145N","-32.75mm","71.0001mm","-32.75mm","71.0001mm","-33.65mm","71.0001mm","T","360.00","10uF/16V"
"C13-6","SMD_0805_CAPC2012X145N","-32.75mm","73.0001mm","-32.75mm","73.0001mm","-33.65mm","73.0001mm","T","360.00","10uF/16V"
"C14-6","SMD_0805_CAPC2012X145N","-32.75mm","63mm","-32.75mm","63mm","-33.65mm","63mm","T","360.00","10uF/16V"
"C16-6","SMD_0805_CAPC2012X145N","-37.6mm","65.8mm","-37.6mm","65.8mm","-36.7mm","65.8mm","T","180.00","10uF/16V"
"C3-5","SMD_0805_CAPC2012X145N","-42.45mm","56.5mm","-42.45mm","56.5mm","-41.55mm","56.5mm","T","180.00","10uF/16V"
"C15-6","SMD_0805_CAPC2012X145N","-42.4154mm","68.725mm","-42.4154mm","68.725mm","-41.5154mm","68.725mm","T","180.00","10uF/16V"
"C54_5","SMD_0805_CAPC2012X145N","-17.9749mm","45.4999mm","-17.9749mm","45.4999mm","-17.9749mm","46.3999mm","T","270.00","22uF/6.3V"
"C40_5","SMD_0805_CAPC2012X145N","-21.9284mm","46.0999mm","-21.9284mm","46.0999mm","-21.0284mm","46.0999mm","T","180.00","22uF/6.3V"
"C4-5","SMD_0805_CAPC2012X145N","-42.4mm","52.5mm","-42.4mm","52.5mm","-41.5mm","52.5mm","T","180.00","10uF/16V"
"C211","SMD_0805_CAPC2012X145N","17.25mm","57mm","17.25mm","57mm","16.35mm","57mm","T","360.00","22uF/6.3V"
"C5-5","SMD_0805_CAPC2012X145N","-37.5mm","49.25mm","-37.5mm","49.25mm","-36.6mm","49.25mm","T","180.00","10uF/16V"
"C6-5","SMD_0805_CAPC2012X145N","-32.75mm","50.9751mm","-32.75mm","50.9751mm","-33.65mm","50.9751mm","T","360.00","10uF/16V"
"C7-5","SMD_0805_CAPC2012X145N","-32.75mm","47mm","-32.75mm","47mm","-33.65mm","47mm","T","360.00","10uF/16V"
"C8-5","SMD_0805_CAPC2012X145N","-43.7333mm","47.2mm","-43.7333mm","47.2mm","-43.7333mm","48.1mm","T","270.00","10uF/16V"
"C9-5","SMD_0805_CAPC2012X145N","-42.45mm","54.5mm","-42.45mm","54.5mm","-41.55mm","54.5mm","T","180.00","10uF/16V"
"C10-5","SMD_0805_CAPC2012X145N","-41.7333mm","47.2mm","-41.7333mm","47.2mm","-41.7333mm","48.1mm","T","270.00","10uF/16V"
"C229","SMD_0805_CAPC2012X145N","17.25mm","60mm","17.25mm","60mm","16.35mm","60mm","T","360.00","22uF/6.3V"
"C233","SMD_0805_CAPC2012X145N","14.25mm","65.225mm","14.25mm","65.225mm","14.25mm","64.325mm","T","90.00","22uF/6.3V"
"C234","SMD_0805_CAPC2012X145N","43mm","64mm","43mm","64mm","42.1mm","64mm","T","360.00","22uF/6.3V"
"D1_5","SMD_SOT23_SOT95P240X120-3N","-28.3498mm","51.25mm","-28.3498mm","51.25mm","-27.1998mm","50.3mm","T","180.00","BAT54C"
"R9","SMD_0603_RESC1608X55N","31.05mm","53mm","31.05mm","53mm","30.25mm","53mm","T","360.00","10k"
"Q3_5","SMD_SON127P615X520X100-8N","-17.75mm","39.25mm","-17.75mm","39.25mm","-15.845mm","42mm","T","270.00","AP1RA03GMT-3"
"C2_5","SMD_0805_CAPC2012X145N","-25.3622mm","53mm","-25.3622mm","53mm","-25.3622mm","52.1mm","T","90.00","1uF/16V"
"C53_6","SMD_0805_CAPC2012X145N","-6.25mm","73mm","-6.25mm","73mm","-6.25mm","72.1mm","T","90.00","22uF/6.3V"
"C43_6","SMD_0805_CAPC2012X145N","-16mm","65.5mm","-16mm","65.5mm","-16mm","66.4mm","T","270.00","22uF/6.3V"
"C50_5","SMD_0805_CAPC2012X145N","-8.25mm","53mm","-8.25mm","53mm","-8.25mm","52.1mm","T","90.00","22uF/6.3V"
"C41_5","SMD_0805_CAPC2012X145N","-21.9284mm","44.0999mm","-21.9284mm","44.0999mm","-21.0284mm","44.0999mm","T","180.00","22uF/6.3V"
"C44_5","SMD_0805_CAPC2012X145N","-21.9285mm","52.1249mm","-21.9285mm","52.1249mm","-21.0285mm","52.1249mm","T","180.00","22uF/6.3V"
"C44_6","SMD_0805_CAPC2012X145N","-21.9285mm","68.0998mm","-21.9285mm","68.0998mm","-21.0285mm","68.0998mm","T","180.00","22uF/6.3V"
"C237","SMD_0805_CAPC2012X145N","16.2152mm","65.225mm","16.2152mm","65.225mm","16.2152mm","64.325mm","T","90.00","22uF/6.3V"
"C41_6","SMD_0805_CAPC2012X145N","-21.9285mm","66.0998mm","-21.9285mm","66.0998mm","-21.0285mm","66.0998mm","T","180.00","22uF/6.3V"
"C43_5","SMD_0805_CAPC2012X145N","-21.9284mm","50.0999mm","-21.9284mm","50.0999mm","-21.0284mm","50.0999mm","T","180.00","22uF/6.3V"
"C42_5","SMD_0805_CAPC2012X145N","-21.9284mm","48.0999mm","-21.9284mm","48.0999mm","-21.0284mm","48.0999mm","T","180.00","22uF/6.3V"
"C42_6","SMD_0805_CAPC2012X145N","-17.9749mm","65.5mm","-17.9749mm","65.5mm","-17.9749mm","66.4mm","T","270.00","22uF/6.3V"
"C49_6","SMD_0805_CAPC2012X145N","-14.25mm","73mm","-14.25mm","73mm","-14.25mm","72.1mm","T","90.00","22uF/6.3V"
"C11-5","SMD_0805_CAPC2012X145N","-32.75mm","43mm","-32.75mm","43mm","-33.65mm","43mm","T","360.00","10uF/16V"
"Q1_5","SMD_SON127P615X520X100-8N","-30.8823mm","39.0251mm","-30.8823mm","39.0251mm","-28.1323mm","37.1201mm","T","180.00","AP1RA03GMT-3"
"C72","SMD_0603_CAPC1608X80N","31.05mm","51.5mm","31.05mm","51.5mm","30.25mm","51.5mm","T","360.00","100nF"
"C73","SMD_0603_CAPC1608X80N","39mm","64.2mm","39mm","64.2mm","39mm","65mm","T","270.00","100nF"
"C74","SMD_0603_CAPC1608X80N","18mm","64.8mm","18mm","64.8mm","18mm","64mm","T","90.00","100nF"
"C75","SMD_0603_CAPC1608X80N","38.999mm","68.55mm","38.999mm","68.55mm","38.999mm","67.75mm","T","90.00","100nF"
"C76","SMD_0603_CAPC1608X80N","40.5mm","64.2mm","40.5mm","64.2mm","40.5mm","65mm","T","270.00","100nF"
"C85","SMD_0603_CAPC1608X80N","19.95mm","84.5mm","19.95mm","84.5mm","19.95mm","83.7mm","T","90.00","18pF"
"C86","SMD_0603_CAPC1608X80N","19.95mm","72.9258mm","19.95mm","72.9258mm","19.95mm","73.7258mm","T","270.00","18pF"
"C17","SMD_0805_CAPC2012X145N","19.75mm","64mm","19.75mm","64mm","19.75mm","64.9mm","T","270.00","10uF/16V"
"C34","SMD_0603_CAPC1608X80N","40.4976mm","68.55mm","40.4976mm","68.55mm","40.4976mm","67.75mm","T","90.00","100nF"
"C63","SMD_0805_CAPC2012X145N","17.25mm","54mm","17.25mm","54mm","16.35mm","54mm","T","360.00","22uF/6.3V"
"R1","SMD_0603_RESC1608X55N","31.05mm","48.5mm","31.05mm","48.5mm","30.25mm","48.5mm","T","360.00","1k"
"Y1","SMD_HC49_XTAL1140X480X420N","23.35mm","78.7mm","23.35mm","78.7mm","23.35mm","83.35mm","T","270.00","Q4.000 MHz HC-49SM SMD"
"C187","SMD_0805_CAPC2012X145N","39.25mm","78mm","39.25mm","78mm","38.35mm","78mm","T","360.00","10uF/16V"
"C1_5","SMD_0805_CAPC2012X145N","-28.25mm","54mm","-28.25mm","54mm","-29.15mm","54mm","T","360.00","10uF/16V"
"C3_5","SMD_0805_CAPC2012X145N","-29.3823mm","46.0251mm","-29.3823mm","46.0251mm","-29.3823mm","46.9251mm","T","270.00","100nF/50V"
"Q2_5","SMD_SON127P615X520X100-8N","-23.995mm","39.25mm","-23.995mm","39.25mm","-22.09mm","42mm","T","270.00","AP1RA03GMT-3"
"U1","SMD_QFP50P1200X1200X120-64N","30.5mm","64.25mm","30.5mm","64.25mm","26.75mm","58.5mm","T","90.00","dsPIC33EP256MU806"
"J3","SMD_CON-CVILUX-CU04-SCM15B0","31.7mm","81.7mm","31.7mm","81.5mm","33.3mm","78.9mm","T","180.00","CU04SCM15B0-R0"
"D1_6","SMD_SOT23_SOT95P240X120-3N","-28.3499mm","71.2999mm","-28.3499mm","71.2999mm","-27.1999mm","70.3499mm","T","180.00","BAT54C"
"R40","SMD_0603_RESC1608X55N","20.5mm","54mm","20.5mm","54mm","19.7mm","54mm","T","360.00","10k"
"C231","SMD_0805_CAPC2012X145N","1.5mm","73.25mm","1.5mm","73.25mm","0.6mm","73.25mm","T","360.00","10uF/16V"
"C249","SMD_0805_CAPC2012X145N","43mm","66mm","43mm","66mm","42.1mm","66mm","T","360.00","22uF/6.3V"
"C250","SMD_0805_CAPC2012X145N","43mm","70mm","43mm","70mm","42.1mm","70mm","T","360.00","22uF/6.3V"
"R47","SMD_1206_RESC3216X180N","9.5mm","65.25mm","9.5mm","65.25mm","8mm","65.25mm","T","360.00","2"
"U19","SMD_SOIC127P602X173-8N","40.5mm","73.95mm","40.5mm","73.95mm","43.3mm","72.045mm","T","180.00","BD33KA5WF"
"C1_1S","SMD_0603_CAPC1608X80N","30mm","21.7mm","30mm","21.7mm","30mm","22.5mm","T","270.00","470nF"
"C5-2S","SMD_0603_CAPC1608X80N","21.7mm","15.75mm","21.7mm","15.75mm","22.5mm","15.75mm","T","180.00","470nF"
"C4-5S","SMD_0603_CAPC1608X80N","10mm","-21.7mm","10mm","-21.7mm","10mm","-22.5mm","T","90.00","470nF"
"C2-4S","SMD_0603_CAPC1608X80N","31.5mm","-21.7mm","31.5mm","-21.7mm","31.5mm","-22.5mm","T","90.00","470nF"
"C9-4S","SMD_0603_CAPC1608X80N","21.7mm","-34.25mm","21.7mm","-34.25mm","22.5mm","-34.25mm","T","180.00","470nF"
"C13-2S","SMD_0603_CAPC1608X80N","34.5mm","1.7mm","34.5mm","1.7mm","34.5mm","2.5mm","T","270.00","470nF"
"C10-6S","SMD_0603_CAPC1608X80N","5.5mm","-18.3mm","5.5mm","-18.3mm","5.5mm","-17.5mm","T","270.00","470nF"
"C11-6S","SMD_0603_CAPC1608X80N","7mm","-18.3mm","7mm","-18.3mm","7mm","-17.5mm","T","270.00","470nF"
"C1-6S","SMD_0603_CAPC1608X80N","5.5mm","-1.7mm","5.5mm","-1.7mm","5.5mm","-2.5mm","T","90.00","470nF"
"C2-6S","SMD_0603_CAPC1608X80N","6.9992mm","-1.7001mm","6.9992mm","-1.7001mm","6.9992mm","-2.5mm","T","90.00","470nF"
"C3-6S","SMD_0603_CAPC1608X80N","8.5mm","-1.7mm","8.5mm","-1.7mm","8.5mm","-2.5mm","T","90.00","470nF"
"C4-6S","SMD_0603_CAPC1608X80N","10mm","-1.7mm","10mm","-1.7mm","10mm","-2.5mm","T","90.00","470nF"
"C3-8S","SMD_0603_CAPC1608X80N","18.3mm","30.75mm","18.3mm","30.75mm","17.5mm","30.75mm","T","360.00","470nF"
"C9-8S","SMD_0603_CAPC1608X80N","8.5mm","21.7mm","8.5mm","21.7mm","8.5mm","22.5mm","T","270.00","470nF"
"C5-6S","SMD_0603_CAPC1608X80N","18.325mm","-5.5mm","18.325mm","-5.5mm","17.525mm","-5.5mm","T","360.00","470nF"
"C8-6S","SMD_0603_CAPC1608X80N","18.325mm","-14.25mm","18.325mm","-14.25mm","17.525mm","-14.25mm","T","360.00","470nF"
"C6-6S","SMD_0603_CAPC1608X80N","18.325mm","-9.25mm","18.325mm","-9.25mm","17.525mm","-9.25mm","T","360.00","470nF"
"C7-6S","SMD_0603_CAPC1608X80N","18.325mm","-10.75mm","18.325mm","-10.75mm","17.525mm","-10.75mm","T","360.00","470nF"
"C7-7S","SMD_0603_CAPC1608X80N","18.3mm","10.75mm","18.3mm","10.75mm","17.5mm","10.75mm","T","360.00","470nF"
"C8-7S","SMD_0603_CAPC1608X80N","18.3mm","9.25mm","18.3mm","9.25mm","17.5mm","9.25mm","T","360.00","470nF"
"C5-7S","SMD_0603_CAPC1608X80N","18.3mm","15.75mm","18.3mm","15.75mm","17.5mm","15.75mm","T","360.00","470nF"
"C6-7S","SMD_0603_CAPC1608X80N","18.3mm","14.25mm","18.3mm","14.25mm","17.5mm","14.25mm","T","360.00","470nF"
"C9-3S","SMD_0603_CAPC1608X80N","21.7mm","-15.75mm","21.7mm","-15.75mm","22.5mm","-15.75mm","T","180.00","470nF"
"C12-6S","SMD_0603_CAPC1608X80N","8.5mm","-18.3mm","8.5mm","-18.3mm","8.5mm","-17.5mm","T","270.00","470nF"
"C13-6S","SMD_0603_CAPC1608X80N","10mm","-18.3mm","10mm","-18.3mm","10mm","-17.5mm","T","270.00","470nF"
"C8-3S","SMD_0603_CAPC1608X80N","21.7mm","-14.25mm","21.7mm","-14.25mm","22.5mm","-14.25mm","T","180.00","470nF"
"C4-3S","SMD_0603_CAPC1608X80N","34.5mm","-1.7mm","34.5mm","-1.7mm","34.5mm","-2.5mm","T","90.00","470nF"
"C3-3S","SMD_0603_CAPC1608X80N","33mm","-1.7mm","33mm","-1.7mm","33mm","-2.5mm","T","90.00","470nF"
"C1-3S","SMD_0603_CAPC1608X80N","30mm","-1.7mm","30mm","-1.7mm","30mm","-2.5mm","T","90.00","470nF"
"C9-7S","SMD_0603_CAPC1608X80N","18.3mm","5.5mm","18.3mm","5.5mm","17.5mm","5.5mm","T","360.00","470nF"
"C2-3S","SMD_0603_CAPC1608X80N","31.5mm","-1.7mm","31.5mm","-1.7mm","31.5mm","-2.5mm","T","90.00","470nF"
"C5-3S","SMD_0603_CAPC1608X80N","21.7mm","-5.5mm","21.7mm","-5.5mm","22.5mm","-5.5mm","T","180.00","470nF"
"C13-3S","SMD_0603_CAPC1608X80N","34.5mm","-18.3mm","34.5mm","-18.3mm","34.5mm","-17.5mm","T","270.00","470nF"
"C7-3S","SMD_0603_CAPC1608X80N","21.7mm","-10.75mm","21.7mm","-10.75mm","22.5mm","-10.75mm","T","180.00","470nF"
"C6-3S","SMD_0603_CAPC1608X80N","21.7mm","-9.25mm","21.7mm","-9.25mm","22.5mm","-9.25mm","T","180.00","470nF"
"C12-3S","SMD_0603_CAPC1608X80N","33mm","-18.3mm","33mm","-18.3mm","33mm","-17.5mm","T","270.00","470nF"
"C11-3S","SMD_0603_CAPC1608X80N","31.5mm","-18.3mm","31.5mm","-18.3mm","31.5mm","-17.5mm","T","270.00","470nF"
"C10-3S","SMD_0603_CAPC1608X80N","30mm","-18.3mm","30mm","-18.3mm","30mm","-17.5mm","T","270.00","470nF"
"C7-2S","SMD_0603_CAPC1608X80N","21.7mm","10.75mm","21.7mm","10.75mm","22.5mm","10.75mm","T","180.00","470nF"
"C6-2S","SMD_0603_CAPC1608X80N","21.7mm","14.25mm","21.7mm","14.25mm","22.5mm","14.25mm","T","180.00","470nF"
"C1-7S","SMD_0603_CAPC1608X80N","5.5mm","18.3mm","5.5mm","18.3mm","5.5mm","17.5mm","T","90.00","470nF"
"C2-7S","SMD_0603_CAPC1608X80N","7mm","18.3mm","7mm","18.3mm","7mm","17.5mm","T","90.00","470nF"
"C8-2S","SMD_0603_CAPC1608X80N","21.7mm","9.25mm","21.7mm","9.25mm","22.5mm","9.25mm","T","180.00","470nF"
"C3-1S","SMD_0603_CAPC1608X80N","33mm","21.7mm","33mm","21.7mm","33mm","22.5mm","T","270.00","470nF"
"C2-1S","SMD_0603_CAPC1608X80N","31.5mm","21.7mm","31.5mm","21.7mm","31.5mm","22.5mm","T","270.00","470nF"
"C4-1S","SMD_0603_CAPC1608X80N","34.5mm","21.7mm","34.5mm","21.7mm","34.5mm","22.5mm","T","270.00","470nF"
"C1-2S","SMD_0603_CAPC1608X80N","30mm","18.3mm","30mm","18.3mm","30mm","17.5mm","T","90.00","470nF"
"C4-2S","SMD_0603_CAPC1608X80N","34.5mm","18.3mm","34.5mm","18.3mm","34.5mm","17.5mm","T","90.00","470nF"
"C9-2S","SMD_0603_CAPC1608X80N","21.7mm","5.5mm","21.7mm","5.5mm","22.5mm","5.5mm","T","180.00","470nF"
"C2-2S","SMD_0603_CAPC1608X80N","31.5mm","18.3mm","31.5mm","18.3mm","31.5mm","17.5mm","T","90.00","470nF"
"C3-2S","SMD_0603_CAPC1608X80N","33mm","18.3mm","33mm","18.3mm","33mm","17.5mm","T","90.00","470nF"
"C6-4S","SMD_0603_CAPC1608X80N","21.7mm","-25.75mm","21.7mm","-25.75mm","22.5mm","-25.75mm","T","180.00","470nF"
"C5-4S","SMD_0603_CAPC1608X80N","21.7mm","-24.25mm","21.7mm","-24.25mm","22.5mm","-24.25mm","T","180.00","470nF"
"C7-4S","SMD_0603_CAPC1608X80N","21.7mm","-29.25mm","21.7mm","-29.25mm","22.5mm","-29.25mm","T","180.00","470nF"
"C10-4S","SMD_0603_CAPC1608X80N","21.7mm","-35.75mm","21.7mm","-35.75mm","22.5mm","-35.75mm","T","180.00","470nF"
"C8-4S","SMD_0603_CAPC1608X80N","21.7mm","-30.75mm","21.7mm","-30.75mm","22.5mm","-30.75mm","T","180.00","470nF"
"C10-2S","SMD_0603_CAPC1608X80N","30mm","1.7mm","30mm","1.7mm","30mm","2.5mm","T","270.00","470nF"
"C12-2S","SMD_0603_CAPC1608X80N","33mm","1.7mm","33mm","1.7mm","33mm","2.5mm","T","270.00","470nF"
"C11-2S","SMD_0603_CAPC1608X80N","31.5mm","1.7mm","31.5mm","1.7mm","31.5mm","2.5mm","T","270.00","470nF"
"C1-5S","SMD_0603_CAPC1608X80N","5.5mm","-21.7mm","5.5mm","-21.7mm","5.5mm","-22.5mm","T","90.00","470nF"
"C2-5S","SMD_0603_CAPC1608X80N","7mm","-21.7mm","7mm","-21.7mm","7mm","-22.5mm","T","90.00","470nF"
"C3-7S","SMD_0603_CAPC1608X80N","8.5mm","18.3mm","8.5mm","18.3mm","8.5mm","17.5mm","T","90.00","470nF"
"C4-7S","SMD_0603_CAPC1608X80N","10mm","18.3mm","10mm","18.3mm","10mm","17.5mm","T","90.00","470nF"
"C1-4S","SMD_0603_CAPC1608X80N","30mm","-21.7mm","30mm","-21.7mm","30mm","-22.5mm","T","90.00","470nF"
"C4-4S","SMD_0603_CAPC1608X80N","34.5mm","-21.7mm","34.5mm","-21.7mm","34.5mm","-22.5mm","T","90.00","470nF"
"C3-5S","SMD_0603_CAPC1608X80N","8.5mm","-21.7mm","8.5mm","-21.7mm","8.5mm","-22.5mm","T","90.00","470nF"
"C3-4S","SMD_0603_CAPC1608X80N","33mm","-21.7mm","33mm","-21.7mm","33mm","-22.5mm","T","90.00","470nF"
"C9-6S","SMD_0603_CAPC1608X80N","18.325mm","-15.75mm","18.325mm","-15.75mm","17.525mm","-15.75mm","T","360.00","470nF"
"C10-7S","SMD_0603_CAPC1608X80N","5.5mm","1.7mm","5.5mm","1.7mm","5.5mm","2.5mm","T","270.00","470nF"
"C12-7S","SMD_0603_CAPC1608X80N","8.5mm","1.7mm","8.5mm","1.7mm","8.5mm","2.5mm","T","270.00","470nF"
"C11-7S","SMD_0603_CAPC1608X80N","7mm","1.7mm","7mm","1.7mm","7mm","2.5mm","T","270.00","470nF"
"C13-7S","SMD_0603_CAPC1608X80N","10mm","1.7mm","10mm","1.7mm","10mm","2.5mm","T","270.00","470nF"
"C6-5S","SMD_0603_CAPC1608X80N","18.3mm","-25.75mm","18.3mm","-25.75mm","17.5mm","-25.75mm","T","360.00","470nF"
"C5-5S","SMD_0603_CAPC1608X80N","18.3mm","-24.25mm","18.3mm","-24.25mm","17.5mm","-24.25mm","T","360.00","470nF"
"C7-5S","SMD_0603_CAPC1608X80N","18.3mm","-29.25mm","18.3mm","-29.25mm","17.5mm","-29.25mm","T","360.00","470nF"
"C10-5S","SMD_0603_CAPC1608X80N","18.3mm","-35.75mm","18.3mm","-35.75mm","17.5mm","-35.75mm","T","360.00","470nF"
"C9-5S","SMD_0603_CAPC1608X80N","18.3mm","-34.25mm","18.3mm","-34.25mm","17.5mm","-34.25mm","T","360.00","470nF"
"C8-5S","SMD_0603_CAPC1608X80N","18.3mm","-30.75mm","18.3mm","-30.75mm","17.5mm","-30.75mm","T","360.00","470nF"
"C4-8S","SMD_0603_CAPC1608X80N","18.3mm","29.25mm","18.3mm","29.25mm","17.5mm","29.25mm","T","360.00","470nF"
"C2-8S","SMD_0603_CAPC1608X80N","18.3mm","34.25mm","18.3mm","34.25mm","17.5mm","34.25mm","T","360.00","470nF"
"C1-8S","SMD_0603_CAPC1608X80N","18.3mm","35.75mm","18.3mm","35.75mm","17.5mm","35.75mm","T","360.00","470nF"
"C5-8S","SMD_0603_CAPC1608X80N","18.3mm","25.75mm","18.3mm","25.75mm","17.5mm","25.75mm","T","360.00","470nF"
"C8-8S","SMD_0603_CAPC1608X80N","7mm","21.7mm","7mm","21.7mm","7mm","22.5mm","T","270.00","470nF"
"C10-8S","SMD_0603_CAPC1608X80N","10mm","21.7mm","10mm","21.7mm","10mm","22.5mm","T","270.00","470nF"
"C6-8S","SMD_0603_CAPC1608X80N","18.3mm","24.25mm","18.3mm","24.25mm","17.5mm","24.25mm","T","360.00","470nF"
"C7-8S","SMD_0603_CAPC1608X80N","5.5mm","21.7mm","5.5mm","21.7mm","5.5mm","22.5mm","T","270.00","470nF"
"C50_6","SMD_0805_CAPC2012X145N","-12.25mm","73mm","-12.25mm","73mm","-12.25mm","72.1mm","T","90.00","22uF/6.3V"
"R3","SMD_0603_RESC1608X55N","31.05mm","50mm","31.05mm","50mm","31.85mm","50mm","T","180.00","1k"
"R4","SMD_0603_RESC1608X55N","34.05mm","50mm","34.05mm","50mm","34.85mm","50mm","T","180.00","1k"
"R5","SMD_0603_RESC1608X55N","31.05mm","47.0178mm","31.05mm","47.0178mm","31.85mm","47.0178mm","T","180.00","1k"
"R6","SMD_0603_RESC1608X55N","33.3mm","47.7mm","33.3mm","47.7mm","33.3mm","48.5mm","T","270.00","1k"
"C206","SMD_0805_CAPC2012X145N","37.5382mm","47.7499mm","37.5382mm","47.7499mm","37.5382mm","48.6499mm","T","270.00","22uF/6.3V"
"R12","SMD_0603_RESC1608X55N","37.1mm","52.7mm","37.1mm","52.7mm","36.3mm","52.7mm","T","360.00","0"
"U24","SMD_SOIC127P602X173-8N","41.5382mm","49.7499mm","41.5382mm","49.7499mm","39.6332mm","46.9499mm","T","90.00","BD18KA5WF"
"C503","SMD_1210_CAPC3225X279N","1mm","8.5mm","1mm","8.5mm","1mm","10mm","T","270.00","220uF"
"C504","SMD_1210_CAPC3225X279N","1mm","-10.5mm","1mm","-10.5mm","1mm","-9mm","T","270.00","220uF"
"C505","SMD_1210_CAPC3225X279N","1mm","41.9mm","1mm","41.9mm","1mm","40.4mm","T","90.00","220uF"
"C506","SMD_1210_CAPC3225X279N","35.3764mm","39.2749mm","35.3764mm","39.2749mm","33.8764mm","39.2749mm","T","360.00","220uF"
"C507","SMD_1210_CAPC3225X279N","1mm","-29.5mm","1mm","-29.5mm","1mm","-28mm","T","270.00","220uF"
"C508","SMD_1210_CAPC3225X279N","1mm","-0.95mm","1mm","-0.95mm","1mm","0.55mm","T","270.00","220uF"
"C509","SMD_1210_CAPC3225X279N","39.5mm","22mm","39.5mm","22mm","38mm","22mm","T","360.00","220uF"
"C510","SMD_1210_CAPC3225X279N","39.5mm","-21.9751mm","39.5mm","-21.9751mm","38mm","-21.9751mm","T","360.00","220uF"
"C511","SMD_1210_CAPC3225X279N","31.0005mm","-39mm","31.0005mm","-39mm","31.0005mm","-37.5mm","T","270.00","220uF"
"C512","SMD_1210_CAPC3225X279N","39.5mm","-6mm","39.5mm","-6mm","38mm","-6mm","T","360.00","220uF"
"C513","SMD_1210_CAPC3225X279N","39.5mm","18mm","39.5mm","18mm","38mm","18mm","T","360.00","220uF"
"C514","SMD_1210_CAPC3225X279N","39.5mm","14mm","39.5mm","14mm","38mm","14mm","T","360.00","220uF"
"C515","SMD_1210_CAPC3225X279N","39.5mm","-18mm","39.5mm","-18mm","38mm","-18mm","T","360.00","220uF"
"C516","SMD_1210_CAPC3225X279N","39.5mm","26.0004mm","39.5mm","26.0004mm","38mm","26.0004mm","T","360.00","220uF"
"C517","SMD_1210_CAPC3225X279N","39.5mm","-2.025mm","39.5mm","-2.025mm","38mm","-2.025mm","T","360.00","220uF"
"C518","SMD_1210_CAPC3225X279N","17.5mm","39mm","17.5mm","39mm","16mm","39mm","T","360.00","220uF"
"C519","SMD_1210_CAPC3225X279N","8.9995mm","-39.0001mm","8.9995mm","-39.0001mm","8.9995mm","-37.5001mm","T","270.00","220uF"
"C520","SMD_1210_CAPC3225X279N","39.5mm","10mm","39.5mm","10mm","38mm","10mm","T","360.00","220uF"
"C521","SMD_1210_CAPC3225X279N","9.0005mm","39.2501mm","9.0005mm","39.2501mm","9.0005mm","37.7501mm","T","90.00","220uF"
"C522","SMD_1210_CAPC3225X279N","39.5mm","6mm","39.5mm","6mm","38mm","6mm","T","360.00","220uF"
"C523","SMD_1210_CAPC3225X279N","39.5mm","30mm","39.5mm","30mm","38mm","30mm","T","360.00","220uF"
"C524","SMD_1210_CAPC3225X279N","22.5mm","39mm","22.5mm","39mm","24mm","39mm","T","180.00","220uF"
"C525","SMD_1210_CAPC3225X279N","5mm","-39.0001mm","5mm","-39.0001mm","5mm","-37.5001mm","T","270.00","220uF"
"C526","SMD_1210_CAPC3225X279N","39.5mm","2mm","39.5mm","2mm","38mm","2mm","T","360.00","220uF"
"C20_0","SMD_1210_CAPC3225X279N","35.3765mm","43.4mm","35.3765mm","43.4mm","33.8765mm","43.4mm","T","360.00","220uF"
"C528","SMD_1210_CAPC3225X279N","5mm","39.2501mm","5mm","39.2501mm","5mm","37.7501mm","T","90.00","220uF"
"C529","SMD_1210_CAPC3225X279N","39.5mm","-26mm","39.5mm","-26mm","38mm","-26mm","T","360.00","220uF"
"C530","SMD_1210_CAPC3225X279N","39.5mm","-34mm","39.5mm","-34mm","38mm","-34mm","T","360.00","220uF"
"C531","SMD_1210_CAPC3225X279N","39.5mm","34mm","39.5mm","34mm","38mm","34mm","T","360.00","220uF"
"C532","SMD_1210_CAPC3225X279N","39.5mm","-30mm","39.5mm","-30mm","38mm","-30mm","T","360.00","220uF"
"C533","SMD_1210_CAPC3225X279N","1mm","-5.725mm","1mm","-5.725mm","1mm","-7.225mm","T","90.00","220uF"
"C534","SMD_1210_CAPC3225X279N","1mm","-34.25mm","1mm","-34.25mm","1mm","-35.75mm","T","90.00","220uF"
"C536","SMD_1210_CAPC3225X279N","39.5mm","-14mm","39.5mm","-14mm","38mm","-14mm","T","360.00","220uF"
"C1_1","SMD_0805_CAPC2012X145N","-28.2498mm","-26mm","-28.2498mm","-26mm","-29.1498mm","-26mm","T","360.00","10uF/16V"
"C2_1","SMD_0805_CAPC2012X145N","-25.3622mm","-27mm","-25.3622mm","-27mm","-25.3622mm","-27.9mm","T","90.00","1uF/16V"
"C3_1","SMD_0805_CAPC2012X145N","-29.2498mm","-34mm","-29.2498mm","-34mm","-29.2498mm","-33.1mm","T","270.00","100nF/50V"
"C11_1","SMD_0805_CAPC2012X145N","-12.25mm","-27mm","-12.25mm","-27mm","-12.25mm","-27.9mm","T","90.00","22uF/6.3V"
"C12_1","SMD_0805_CAPC2012X145N","-10.25mm","-27mm","-10.25mm","-27mm","-10.25mm","-27.9mm","T","90.00","22uF/6.3V"
"C13_1","SMD_0805_CAPC2012X145N","-8.25mm","-27mm","-8.25mm","-27mm","-8.25mm","-27.9mm","T","90.00","22uF/6.3V"
"C14_1","SMD_0805_CAPC2012X145N","-6.25mm","-27mm","-6.25mm","-27mm","-6.25mm","-27.9mm","T","90.00","22uF/6.3V"
"C15_1","SMD_0805_CAPC2012X145N","-4.25mm","-27mm","-4.25mm","-27mm","-4.25mm","-27.9mm","T","90.00","22uF/6.3V"
"C16_1","SMD_0805_CAPC2012X145N","-2.25mm","-27mm","-2.25mm","-27mm","-2.25mm","-27.9mm","T","90.00","22uF/6.3V"
"C17_1","SMD_0805_CAPC2012X145N","-21.9438mm","-31.8001mm","-21.9438mm","-31.8001mm","-21.0438mm","-31.8001mm","T","180.00","22uF/6.3V"
"C18_1","SMD_0805_CAPC2012X145N","-14.25mm","-27mm","-14.25mm","-27mm","-14.25mm","-27.9mm","T","90.00","22uF/6.3V"
"C19_1","SMD_0805_CAPC2012X145N","-21.9438mm","-29.8001mm","-21.9438mm","-29.8001mm","-21.0438mm","-29.8001mm","T","180.00","22uF/6.3V"
"C20_1","SMD_0805_CAPC2012X145N","-21.9438mm","-27.8001mm","-21.9438mm","-27.8001mm","-21.0438mm","-27.8001mm","T","180.00","22uF/6.3V"
"C21_1","SMD_0805_CAPC2012X145N","-21.9438mm","-25.8001mm","-21.9438mm","-25.8001mm","-21.0438mm","-25.8001mm","T","180.00","22uF/6.3V"
"C22_1","SMD_0805_CAPC2012X145N","-16.25mm","-27mm","-16.25mm","-27mm","-16.25mm","-27.9mm","T","90.00","22uF/6.3V"
"C23_1","SMD_0805_CAPC2012X145N","-22mm","-33.8mm","-22mm","-33.8mm","-21.1mm","-33.8mm","T","180.00","22uF/6.3V"
"C24_1","SMD_0805_CAPC2012X145N","-22.0002mm","-36mm","-22.0002mm","-36mm","-21.1002mm","-36mm","T","180.00","22uF/6.3V"
"C25_1","SMD_0805_CAPC2012X145N","-18mm","-34.5mm","-18mm","-34.5mm","-18mm","-33.6mm","T","270.00","22uF/6.3V"
"C26_1","SMD_0805_CAPC2012X145N","-16mm","-34.5mm","-16mm","-34.5mm","-16mm","-33.6mm","T","270.00","22uF/6.3V"
"C31_1","SMD_0805_CAPC2012X145N","-43.5mm","-35mm","-43.5mm","-35mm","-43.5mm","-34.1mm","T","270.00","10uF/16V"
"C32_1","SMD_0805_CAPC2012X145N","-41.5mm","-35mm","-41.5mm","-35mm","-41.5mm","-34.1mm","T","270.00","10uF/16V"
"C33_1","SMD_0805_CAPC2012X145N","-41.7501mm","-26mm","-41.7501mm","-26mm","-41.7501mm","-26.9mm","T","90.00","10uF/16V"
"C34_1","SMD_0805_CAPC2012X145N","-32.75mm","-26.9996mm","-32.75mm","-26.9996mm","-33.65mm","-26.9996mm","T","360.00","10uF/16V"
"C35_1","SMD_0805_CAPC2012X145N","-32.75mm","-28.9999mm","-32.75mm","-28.9999mm","-33.65mm","-28.9999mm","T","360.00","10uF/16V"
"C36_1","SMD_0805_CAPC2012X145N","-37.5mm","-35.5001mm","-37.5mm","-35.5001mm","-36.6mm","-35.5001mm","T","180.00","10uF/16V"
"C37_1","SMD_0805_CAPC2012X145N","-37.5mm","-37.5mm","-37.5mm","-37.5mm","-36.6mm","-37.5mm","T","180.00","10uF/16V"
"C38_1","SMD_0805_CAPC2012X145N","-42.25mm","-29.5mm","-42.25mm","-29.5mm","-41.35mm","-29.5mm","T","180.00","10uF/16V"
"C39_1","SMD_0805_CAPC2012X145N","-32.75mm","-31mm","-32.75mm","-31mm","-33.65mm","-31mm","T","360.00","10uF/16V"
"C40_1","SMD_0805_CAPC2012X145N","-32.75mm","-33mm","-32.75mm","-33mm","-33.65mm","-33mm","T","360.00","10uF/16V"
"C41_1","SMD_0805_CAPC2012X145N","-32.75mm","-35mm","-32.75mm","-35mm","-33.65mm","-35mm","T","360.00","10uF/16V"
"C42_1","SMD_0805_CAPC2012X145N","-32.75mm","-37mm","-32.75mm","-37mm","-33.65mm","-37mm","T","360.00","10uF/16V"
"C43_1","SMD_0805_CAPC2012X145N","-43.7501mm","-26mm","-43.7501mm","-26mm","-43.7501mm","-26.9mm","T","90.00","10uF/16V"
"C44_1","SMD_0805_CAPC2012X145N","-37.5mm","-31.5mm","-37.5mm","-31.5mm","-36.6mm","-31.5mm","T","180.00","10uF/16V"
"C45_1","SMD_0805_CAPC2012X145N","-37.5mm","-33.5mm","-37.5mm","-33.5mm","-36.6mm","-33.5mm","T","180.00","10uF/16V"
"C46_1","SMD_0805_CAPC2012X145N","-42.2501mm","-31.5mm","-42.2501mm","-31.5mm","-41.3501mm","-31.5mm","T","180.00","10uF/16V"
"D1_1","SMD_SOT23_SOT95P240X120-3N","-28.35mm","-28.75mm","-28.35mm","-28.75mm","-27.2mm","-29.7mm","T","180.00","BAT54C"
"L1_1","SMD_INDM12501250X800A_-_Coilcraft_SLC1480","-8mm","-37mm","-8mm","-37mm","-8mm","-41.975mm","T","90.00","SLC1480-201MLD"
"Q1_1","SMD_SON127P615X520X100-8N","-30.7498mm","-41mm","-30.7498mm","-41mm","-27.9998mm","-42.905mm","T","180.00","AP1RA03GMT-3"
"Q2_1","SMD_SON127P615X520X100-8N","-23.9948mm","-40.75mm","-23.9948mm","-40.75mm","-22.0898mm","-38mm","T","270.00","AP1RA03GMT-3"
"Q3_1","SMD_SON127P615X520X100-8N","-17.75mm","-40.75mm","-17.75mm","-40.75mm","-15.845mm","-38mm","T","270.00","AP1RA03GMT-3"
"U1_1","SMD_SOP65P490X110-9N_-_DUAL","-26.2498mm","-33.8mm","-26.2498mm","-33.8mm","-27.2248mm","-36.25mm","T","90.00","LTC 4449"
"C2-5","SMD_0805_CAPC2012X145N","-32.8mm","53.0001mm","-32.8mm","53.0001mm","-33.7mm","53.0001mm","T","360.00","10uF/16V"
"F1","PTH_CAPRR500W60L400T500H750A","-39mm","-27.25mm","-39mm","-27.25mm","-39mm","-24.75mm","T","270.00","MF-USMF050"
"F2","PTH_CAPRR500W60L400T500H750A","-39mm","-6mm","-39mm","-6mm","-39mm","-3.5mm","T","270.00","MF-USMF050"
"F3","PTH_CAPRR500W60L400T500H750A","-39mm","12.4mm","-39mm","12.4mm","-39mm","14.9mm","T","270.00","MF-USMF050"
"F4","PTH_CAPRR500W60L400T500H750A","-39.0456mm","34.1mm","-39.0456mm","34.1mm","-39.0456mm","36.6mm","T","270.00","MF-USMF050"
"F5","PTH_CAPRR500W60L400T500H750A","-39mm","55.6mm","-39mm","55.6mm","-39mm","58.1mm","T","270.00","MF-USMF050"
"F6","PTH_CAPRR500W60L400T500H750A","-39mm","72.6mm","-39mm","72.6mm","-39mm","75.1mm","T","270.00","MF-USMF050"
"J2","PTH_CON_3.5mm_3PINs","10.5mm","84mm","14mm","84mm","14mm","84mm","T","180.00","CON_3PINS"
"R19","SMD_0603_RESC1608X55N","26.5mm","53.8mm","26.5mm","53.8mm","26.5mm","53mm","T","90.00","1k"
"R20","SMD_0603_RESC1608X55N","25.7mm","51.525mm","25.7mm","51.525mm","24.9mm","51.525mm","T","360.00","1k"
"R22","SMD_0603_RESC1608X55N","34.8mm","47.6mm","34.8mm","47.6mm","34.8mm","48.4mm","T","270.00","1k"
"F7","PTH_CAPRR500W60L400T500H750A","-35.1mm","-27.5mm","-35.1mm","-27.5mm","-35.1mm","-25mm","T","270.00","MF-USMF050"
"F8","PTH_CAPRR500W60L400T500H750A","-35mm","-7.5mm","-35mm","-7.5mm","-35mm","-5mm","T","270.00","MF-USMF050"
"F9","PTH_CAPRR500W60L400T500H750A","-35mm","12.4mm","-35mm","12.4mm","-35mm","14.9mm","T","270.00","MF-USMF050"
"F10","PTH_CAPRR500W60L400T500H750A","-35mm","32.5mm","-35mm","32.5mm","-35mm","35mm","T","270.00","MF-USMF050"
"F11","PTH_CAPRR500W60L400T500H750A","-35mm","52.4mm","-35mm","52.4mm","-35mm","54.9mm","T","270.00","MF-USMF050"
"F12","PTH_CAPRR500W60L400T500H750A","-35mm","72.6mm","-35mm","72.6mm","-35mm","75.1mm","T","270.00","MF-USMF050"
"U2","SMD_QFNCOINCRAFTX90-_21N_-_0.5BSC","30mm","30mm","30mm","30mm","24.8mm","24.8mm","T","90.00","COINCRAFTA1"
"U3","SMD_QFNCOINCRAFTX90-_21N_-_0.5BSC","30mm","10mm","30mm","10mm","24.8mm","4.8mm","T","90.00","COINCRAFTA1"
"U4","SMD_QFNCOINCRAFTX90-_21N_-_0.5BSC","30mm","-10mm","30mm","-10mm","24.8mm","-15.2mm","T","90.00","COINCRAFTA1"
"U5","SMD_QFNCOINCRAFTX90-_21N_-_0.5BSC","30mm","-30mm","30mm","-30mm","24.8mm","-35.2mm","T","90.00","COINCRAFTA1"
"U6","SMD_QFNCOINCRAFTX90-_21N_-_0.5BSC","10mm","-30mm","10mm","-30mm","15.2mm","-24.8mm","T","270.00","COINCRAFTA1"
"U7","SMD_QFNCOINCRAFTX90-_21N_-_0.5BSC","10mm","-10mm","10mm","-10mm","15.2mm","-4.8mm","T","270.00","COINCRAFTA1"
"U8","SMD_QFNCOINCRAFTX90-_21N_-_0.5BSC","10mm","10mm","10mm","10mm","15.2mm","15.2mm","T","270.00","COINCRAFTA1"
"U9","SMD_QFNCOINCRAFTX90-_21N_-_0.5BSC","10mm","30mm","10mm","30mm","15.2mm","35.2mm","T","270.00","COINCRAFTA1"

